{
  "train_loss": [
    0.035703729887149836,
    0.02655754366791562,
    0.026389344070891017,
    0.026955472079938963,
    0.025141975602233097,
    0.024616169576582157,
    0.02530093823412531,
    0.025582103803753854,
    0.024301642424574024
  ],
  "train_f1": [
    0.7539964197104363,
    0.8138218037931505,
    0.8157516920762973,
    0.8084359709802599,
    0.8212516884286356,
    0.8238720065778204,
    0.8196576851381122,
    0.8135036121477728,
    0.8265733305881545
  ],
  "val_loss": [
    0.03112575420164248,
    0.05542846629186889,
    0.03521048272261187,
    0.041429544073552135,
    0.0274270273417047,
    0.02894910466451422,
    0.03309259920147551,
    0.03134601282395978,
    0.034589639785369025
  ],
  "val_f1": [
    0.6201183431952663,
    0.10126582278481013,
    0.6315789473684211,
    0.3357531760435572,
    0.5956375838926175,
    0.6557734204793028,
    0.4167623421354764,
    0.4620213433772756,
    0.40757238307349664
  ],
  "best_epoch": 6
}