{
  "train_loss": [
    0.03513830136507749,
    0.02634007696944632,
    0.02588085716982421,
    0.026272150898646367,
    0.02458655593279553,
    0.02418466333888079,
    0.024647123082295844
  ],
  "train_f1": [
    0.7565648950873225,
    0.8184782235645399,
    0.8179982891360137,
    0.817024471824977,
    0.8268452630110228,
    0.8323811502371802,
    0.8265501229172358
  ],
  "val_loss": [
    0.05558868749979264,
    0.029890729564594345,
    0.028537312852217073,
    0.03169489329260743,
    0.026655235323596406,
    0.029433752447768365,
    0.029581299749506774
  ],
  "val_f1": [
    0.31986093003042154,
    0.6410537870472008,
    0.6469968387776608,
    0.6623036649214659,
    0.647834274952919,
    0.5079365079365079,
    0.4955264969029594
  ],
  "best_epoch": 4
}