{
  "train_loss": [
    0.058110533595869415,
    0.0569482614041159,
    0.05683555070702967,
    0.05683969946480111
  ],
  "train_f1": [
    0.664280009913805,
    0.6640665769452607,
    0.6671416436028828,
    0.6642500137309826
  ],
  "val_loss": [
    0.05713264024603078,
    0.05638348477869985,
    0.057154138123169745,
    0.05784068250926571
  ],
  "val_f1": [
    0.2857142857142857,
    0.2857142857142857,
    0.2857142857142857,
    0.2857142857142857
  ],
  "best_epoch": 1
}