{
  "train_loss": [
    0.05821282309725096,
    0.056920623436178035,
    0.05681841590098644,
    0.05680206351374325
  ],
  "train_f1": [
    0.6636499089454224,
    0.6640665769452607,
    0.6671416436028828,
    0.6642500137309826
  ],
  "val_loss": [
    0.057060041631382,
    0.05643583886050899,
    0.057349321411492474,
    0.05780525513910433
  ],
  "val_f1": [
    0.2857142857142857,
    0.2857142857142857,
    0.2857142857142857,
    0.2857142857142857
  ],
  "best_epoch": 1
}