{
  "train_loss": [
    0.05863029193133116,
    0.03868729656954345,
    0.03067632961135946,
    0.02677310032426919,
    0.022383499843999743,
    0.020509918722765225,
    0.018004849724667638,
    0.015943006699365613,
    0.014638677740616626,
    0.013432034731254374,
    0.01813194680542342,
    0.017878758499251777,
    0.015215578784332856,
    0.015381721666965045,
    0.01382630340215799,
    0.013386857474075729,
    0.012512855784428355,
    0.012010118106110511,
    0.010749927748264256,
    0.0100115507779839,
    0.009250337353564406,
    0.008445670094193988,
    0.008363027661720193,
    0.007158121076338973,
    0.006174235225128206,
    0.005371548112414434,
    0.005332241321172516,
    0.005070500130961208,
    0.004263912622302183,
    0.0042212789319149265,
    0.012196687815594487,
    0.011167165026142213,
    0.010683201793826333,
    0.010901551625666845
  ],
  "train_f1": [
    0.6635113067065238,
    0.700803687507387,
    0.768052942321417,
    0.8215234102026555,
    0.8632090879396073,
    0.8732612055641423,
    0.8886810102899907,
    0.9014361300075587,
    0.9130316987266324,
    0.9194349282112475,
    0.8911258868541287,
    0.8906456859704203,
    0.9101033601586637,
    0.9106808721884905,
    0.9202152190622598,
    0.9279877230001918,
    0.9285548056783802,
    0.9334837404698927,
    0.9385674823950512,
    0.9442542979660883,
    0.9489634435828455,
    0.9539868761185126,
    0.9564598972738048,
    0.9629570301549798,
    0.9689972549652834,
    0.9729318491230882,
    0.9747513389441469,
    0.9756964069438836,
    0.9779961026307242,
    0.9774417852522639,
    0.934633693254383,
    0.9380010068543547,
    0.9423993070593331,
    0.9385008853039543
  ],
  "val_loss": [
    0.09332594906062772,
    0.4630959708467862,
    0.2619032055969615,
    0.12389003199601323,
    0.23277195527654237,
    0.04260388224219162,
    0.25830728019129984,
    0.2112837444927279,
    0.1719039939243517,
    0.21182692998824415,
    0.025521916169120938,
    0.029302378428592835,
    0.02981116448303974,
    0.07311693691420106,
    0.04224484903873459,
    0.02655158602604969,
    0.1021711046590745,
    0.04150726541086884,
    0.04044127986102841,
    0.028273196075938353,
    0.02673487228685312,
    0.03069018706117036,
    0.0425034616500648,
    0.030907838445521644,
    0.03154674599822427,
    0.028561911998385262,
    0.03172714043967593,
    0.03167870946007598,
    0.03211371163165687,
    0.0317308886507183,
    0.024689959795594966,
    0.03640969095940753,
    0.026181626746971547,
    0.028264162303864797
  ],
  "val_f1": [
    0.2857142857142857,
    0.2857142857142857,
    0.28860365616491634,
    0.30522418757712877,
    0.29351265822784806,
    0.4787752261656228,
    0.2901838091513493,
    0.3006482982171799,
    0.30534979423868314,
    0.2989524576954069,
    0.6851851851851852,
    0.5883424408014573,
    0.5874524714828897,
    0.3592233009708738,
    0.6676427525622254,
    0.6058394160583942,
    0.3702127659574468,
    0.5131485429992892,
    0.7014218009478672,
    0.7209302325581395,
    0.67590618336887,
    0.6231578947368421,
    0.6695035460992907,
    0.7321428571428573,
    0.6052393857271906,
    0.6945054945054945,
    0.6859122401847575,
    0.6220472440944882,
    0.6303030303030304,
    0.6436781609195402,
    0.6318785578747628,
    0.5400778210116731,
    0.6344410876132932,
    0.6016408386508659
  ],
  "best_epoch": 24,
  "lr": [
    0.0002926829491861254,
    0.0002714480406590546,
    0.0002383738952177247,
    0.0001966980406590546,
    0.00015049999999999997,
    0.00010430195934094535,
    6.262610478227527e-05,
    2.955195934094537e-05,
    8.317050813874547e-06,
    0.0003,
    0.00029815940691897306,
    0.0002926829491861254,
    0.00028370547536616097,
    0.0002714480406590546,
    0.00025621246378738883,
    0.0002383738952177247,
    0.0002183715797110622,
    0.0001966980406590546,
    0.00017388695252351449,
    0.00015049999999999997,
    0.00012711304747648549,
    0.00010430195934094535,
    8.262842028893775e-05,
    6.262610478227527e-05,
    4.478753621261114e-05,
    2.955195934094537e-05,
    1.7294524633839014e-05,
    8.317050813874547e-06,
    2.8405930810269197e-06,
    0.0003,
    0.0002995391413931026,
    0.00029815940691897306,
    0.00029586930309945264,
    0.0002926829491861254
  ]
}